https://static.wixstatic.com/media/11062b_27f3028bea054adba68155403146d7d0~mv2.jpg/v1/fill/w_147,h_98,al_c,q_80,usm_0.66_1.00_0.01,blur_2,enc_auto/Spilling%20Sand.jpg	/Users/oliver/Documents/New project/wix-export-20260528-clean/downloads/9f681e042f5b9fe057a7de1ff228bb11deebcdc33e10fd232705c513985263e8.jpg	2885
https://static.wixstatic.com/media/11062b_27f3028bea054adba68155403146d7d0~mv2.jpg/v1/fill/w_147,h_98,al_c,q_80,usm_0.66_1.00_0.01,blur_2,enc_avif,quality_auto/Spilling%20Sand.jpg	/Users/oliver/Documents/New project/wix-export-20260528-clean/downloads/560b24f24e9099ef8fa3d9c5973eab945aa93981b4ac31847fa54c19055896ee.jpg	2885
https://static.wixstatic.com/media/11062b_50823653f9bb4794a1410e88fff3b6c6~mv2.jpg/v1/fill/w_147,h_98,al_c,q_80,usm_0.66_1.00_0.01,blur_2,enc_avif,quality_auto/Cupping%20Treatment.jpg	/Users/oliver/Documents/New project/wix-export-20260528-clean/downloads/971734eb434aaf1215c6beab1468177db16b25fa5b272b75df64c6452c9b8ea2.jpg	2956
https://static.wixstatic.com/media/11062b_701ecff590564465a24fc9c5f63f848a~mv2.jpeg/v1/crop/x_511,y_0,w_2682,h_2044/fill/w_106,h_81,al_c,q_80,usm_0.66_1.00_0.01,blur_2,enc_avif,quality_auto/Pressure%20Point%20Massage.jpeg	/Users/oliver/Documents/New project/wix-export-20260528-clean/downloads/522f35febfe8f4a1f091893a58787587e2ebaacc820623a4db7084c7cbceb6b9.jpeg	3106
https://static.wixstatic.com/media/11062b_a357dd9ea48147a592e1778c949eaa37~mv2.jpg/v1/fill/w_147,h_98,al_c,q_80,usm_0.66_1.00_0.01,blur_2,enc_auto/Zen%20Garden%20with%20Stones.jpg	/Users/oliver/Documents/New project/wix-export-20260528-clean/downloads/ac3748c5d492da4f026c60798951975a02ead68975ae46ddc622ecaef5c87302.jpg	1851
https://static.wixstatic.com/media/11062b_a357dd9ea48147a592e1778c949eaa37~mv2.jpg/v1/fill/w_147,h_98,al_c,q_80,usm_0.66_1.00_0.01,blur_2,enc_avif,quality_auto/Zen%20Garden%20with%20Stones.jpg	/Users/oliver/Documents/New project/wix-export-20260528-clean/downloads/f6e995db0e266c881ed61565513769765f6b0b0240f262be1d1f29abf567d69a.jpg	1851
https://static.wixstatic.com/media/11062b_be74cfce0d87477fa99cd27a3e7c9e3b~mv2.jpg/v1/fill/w_147,h_98,al_c,q_80,usm_0.66_1.00_0.01,blur_2,enc_avif,quality_auto/Zen%20Garden.jpg	/Users/oliver/Documents/New project/wix-export-20260528-clean/downloads/e532d5c84354a9126f42251e112b2cd797155219c422e5c34e07fbef084d4acb.jpg	2344
https://static.wixstatic.com/media/11062b_d634754c3bcf467c86e412e63256f573~mv2.jpeg/v1/fill/w_147,h_98,al_c,q_80,usm_0.66_1.00_0.01,blur_2,enc_avif,quality_auto/A%20man%20having%20message%20treatment.jpeg	/Users/oliver/Documents/New project/wix-export-20260528-clean/downloads/9c7f3471cfda351fe7601a25154e1d9727e34730df1ecf6e10e014c51555b76a.jpeg	3416
https://static.wixstatic.com/media/4ff282_22c05192e7c144228b3eba469cacdb11~mv2.png	/Users/oliver/Documents/New project/wix-export-20260528-clean/downloads/d1266b3a83516c7a42433b8f74eee247bd0fac39f40afe092f407fe3fce4eff8.png	228612
https://static.wixstatic.com/media/4ff282_22c05192e7c144228b3eba469cacdb11~mv2.png/v1/crop/x_105,y_753,w_2583,h_1629/fill/w_364,h_230,fp_0.50_0.50,q_85,usm_0.66_1.00_0.01,enc_avif,quality_auto/DrAD_Traditional_Contemporary_v4-08%20copy.png	/Users/oliver/Documents/New project/wix-export-20260528-clean/downloads/a5bd56c140c7b0fd802a01553b6ea63b8958e2c491e22e9fb83a7c3fff12c6bd.png	39488
https://static.wixstatic.com/media/4ff282_22c05192e7c144228b3eba469cacdb11~mv2.png/v1/crop/x_105,y_753,w_2583,h_1629/fill/w_728,h_460,fp_0.50_0.50,q_85,usm_0.66_1.00_0.01,enc_avif,quality_auto/DrAD_Traditional_Contemporary_v4-08%20copy.png	/Users/oliver/Documents/New project/wix-export-20260528-clean/downloads/9ed6ec2b3c2733c65de4a6fc7af4a4e2b93b4e28649bfb73633eee62dffd3c75.png	102236
https://static.wixstatic.com/media/4ff282_22c05192e7c144228b3eba469cacdb11~mv2.png/v1/crop/x_105,y_846,w_2583,h_1229/fill/w_1618,h_772,fp_0.50_0.50,q_90,usm_0.66_1.00_0.01,enc_avif,quality_auto/DrAD_Traditional_Contemporary_v4-08%20copy.png	/Users/oliver/Documents/New project/wix-export-20260528-clean/downloads/f4c4d771c79227be27da136de41d9695918bced73a72776ef91981aabf3ffaa1.png	315081
https://static.wixstatic.com/media/4ff282_22c05192e7c144228b3eba469cacdb11~mv2.png/v1/crop/x_105,y_846,w_2583,h_1229/fill/w_809,h_386,fp_0.50_0.50,q_85,usm_0.66_1.00_0.01,enc_avif,quality_auto/DrAD_Traditional_Contemporary_v4-08%20copy.png	/Users/oliver/Documents/New project/wix-export-20260528-clean/downloads/c6523d77927f4931b4595bde61e15540268d30692ff69415b5b8aaed27d83685.png	120351
https://static.wixstatic.com/media/4ff282_22c05192e7c144228b3eba469cacdb11~mv2.png/v1/crop/x_116,y_1250,w_2574,h_388/fill/w_49,h_7,al_c,q_85,usm_0.66_1.00_0.01,blur_2,enc_avif,quality_auto/DrAD_Traditional_Contemporary_v4-08%20copy.png	/Users/oliver/Documents/New project/wix-export-20260528-clean/downloads/c2b649b9248d352be11eebda398c21ddd0e5156e15da18dd8adf956de8932821.png	1689
https://static.wixstatic.com/media/4ff282_27a43beb59a4467b91a44f6b44974bff~mv2.png/v1/fill/w_49,h_9,al_c,q_85,usm_0.66_1.00_0.01,blur_2,enc_avif,quality_auto/DRA_Logo_2025_Headline_2_Web.png	/Users/oliver/Documents/New project/wix-export-20260528-clean/downloads/aa192bfefa9e8572dc702c393d3db323bd548d7c4fdc25934a592fecac8eadfa.png	1579
https://static.wixstatic.com/media/4ff282_323145d349b84afb88b27549e30ed97e~mv2.png/v1/fill/w_49,h_49,al_c,q_85,usm_0.66_1.00_0.01,blur_2,enc_avif,quality_auto/athlet-profisportlerin-rueckenschmerz%20(1	/Users/oliver/Documents/New project/wix-export-20260528-clean/downloads/2049c0824ece9c1e6d91c12bd13eaa03cef7d979e92dd767d58e8258af53db94.bin	5784
https://static.wixstatic.com/media/4ff282_378ca57efb074ac2bb0e9577af2b0978~mv2.png	/Users/oliver/Documents/New project/wix-export-20260528-clean/downloads/5477ab5b40b624854ae93200f699818de700799f799a21e5f8c0e848fb340338.png	317803
https://static.wixstatic.com/media/4ff282_378ca57efb074ac2bb0e9577af2b0978~mv2.png/v1/crop/x_118,y_401,w_1702,h_1073/fill/w_364,h_230,fp_0.50_0.50,q_85,usm_0.66_1.00_0.01,enc_avif,quality_auto/Lilac_PlankGoogle_Version_2%20copy_Flip.png	/Users/oliver/Documents/New project/wix-export-20260528-clean/downloads/273e71570caaddeb7b77c1adba0678916f54cc5a32b24cee99dff52efb3506e4.png	40611
https://static.wixstatic.com/media/4ff282_378ca57efb074ac2bb0e9577af2b0978~mv2.png/v1/crop/x_118,y_401,w_1702,h_1073/fill/w_728,h_460,fp_0.50_0.50,q_85,usm_0.66_1.00_0.01,enc_avif,quality_auto/Lilac_PlankGoogle_Version_2%20copy_Flip.png	/Users/oliver/Documents/New project/wix-export-20260528-clean/downloads/64ff370ea2925761cab2798d73df2fac546a938719462ceaf5aefbd9b6003e72.png	118972
https://static.wixstatic.com/media/4ff282_378ca57efb074ac2bb0e9577af2b0978~mv2.png/v1/crop/x_59,y_460,w_1819,h_866/fill/w_1618,h_772,fp_0.50_0.50,q_90,usm_0.66_1.00_0.01,enc_avif,quality_auto/Lilac_PlankGoogle_Version_2%20copy_Flip.png	/Users/oliver/Documents/New project/wix-export-20260528-clean/downloads/bbb7106c50c2dfba041eb21000e8bc1473c441837826032ac741ddf7c070c359.png	417687
https://static.wixstatic.com/media/4ff282_378ca57efb074ac2bb0e9577af2b0978~mv2.png/v1/crop/x_59,y_460,w_1819,h_866/fill/w_809,h_386,fp_0.50_0.50,q_85,usm_0.66_1.00_0.01,enc_avif,quality_auto/Lilac_PlankGoogle_Version_2%20copy_Flip.png	/Users/oliver/Documents/New project/wix-export-20260528-clean/downloads/c85750b8db0cca52bd5569b18f353e909ec0418e940f4f8dad8d0078fb8d766c.png	130647
https://static.wixstatic.com/media/4ff282_40ca7ac9b3094636b33644227d0c01ff~mv2.png/v1/fit/w_480,h_360,q_90,enc_avif,quality_auto/4ff282_40ca7ac9b3094636b33644227d0c01ff~mv2.png	/Users/oliver/Documents/New project/wix-export-20260528-clean/downloads/33c26bd370081ec30ddfd655b892d05b988339aa60e9bc3e78897a51d9a6829a.png	20043
https://static.wixstatic.com/media/4ff282_40ca7ac9b3094636b33644227d0c01ff~mv2.png/v1/fit/w_960,h_720,q_90,enc_avif,quality_auto/4ff282_40ca7ac9b3094636b33644227d0c01ff~mv2.png	/Users/oliver/Documents/New project/wix-export-20260528-clean/downloads/78d0d79e02b31eab3bab50f459d7d48ea6c48b82a478a298b35704034a938736.png	42134
https://static.wixstatic.com/media/4ff282_498ae914600e4cb4a69974da1676e8d9~mv2.png	/Users/oliver/Documents/New project/wix-export-20260528-clean/downloads/25b4b8c2093a27b3dc87ef249ede082f492752cc3714db9f03ded92204952d13.png	321939
https://static.wixstatic.com/media/4ff282_498ae914600e4cb4a69974da1676e8d9~mv2.png/v1/crop/x_0,y_115,w_1465,h_697/fill/w_1461,h_697,fp_0.50_0.50,q_90,enc_avif,quality_auto/Wix_Back_Edited_v1_wider_smaller_Girl_Hunched_Girl_New_Green_Cutouts_Only_Nude_Cross_Legs_.png	/Users/oliver/Documents/New project/wix-export-20260528-clean/downloads/8a942257710b8c80a1def695120ea3a6d4c3dda2f107996ef76b07b821683b9d.png	309074
https://static.wixstatic.com/media/4ff282_498ae914600e4cb4a69974da1676e8d9~mv2.png/v1/crop/x_0,y_115,w_1465,h_697/fill/w_809,h_386,fp_0.50_0.50,q_85,usm_0.66_1.00_0.01,enc_avif,quality_auto/Wix_Back_Edited_v1_wider_smaller_Girl_Hunched_Girl_New_Green_Cutouts_Only_Nude_Cross_Legs_.png	/Users/oliver/Documents/New project/wix-export-20260528-clean/downloads/b060dbd73d5a3f113f8445e41afb473b62c5fc710ef013c71a675e6bab68599b.png	125063
https://static.wixstatic.com/media/4ff282_498ae914600e4cb4a69974da1676e8d9~mv2.png/v1/crop/x_212,y_171,w_1071,h_741/fill/w_364,h_230,fp_0.50_0.50,q_85,usm_0.66_1.00_0.01,enc_avif,quality_auto/Wix_Back_Edited_v1_wider_smaller_Girl_Hunched_Girl_New_Green_Cutouts_Only_Nude_Cross_Legs_.png	/Users/oliver/Documents/New project/wix-export-20260528-clean/downloads/264b76e1fd384cd42414ecfe4fc15ce69f71686c3fe0ed6a5767d3c778999072.png	52969
https://static.wixstatic.com/media/4ff282_498ae914600e4cb4a69974da1676e8d9~mv2.png/v1/crop/x_212,y_171,w_1071,h_741/fill/w_728,h_460,fp_0.50_0.50,q_85,usm_0.66_1.00_0.01,enc_avif,quality_auto/Wix_Back_Edited_v1_wider_smaller_Girl_Hunched_Girl_New_Green_Cutouts_Only_Nude_Cross_Legs_.png	/Users/oliver/Documents/New project/wix-export-20260528-clean/downloads/f37bb0fc8cc7568ebeac410d9682eb731cf1c478f4dc6db9f9cbdc4062008a18.png	177370
https://static.wixstatic.com/media/4ff282_4adc48273eaf4003b2fe931cb95b013f~mv2.jpg/v1/fill/w_147,h_221,al_c,q_80,usm_0.66_1.00_0.01,blur_2,enc_avif,quality_auto/7fe14c5699f1272b13844330bea78567.jpg	/Users/oliver/Documents/New project/wix-export-20260528-clean/downloads/4482fe6fcb98a9e566031b3c5e7f0e3ff605f1368358eb5483fc66418288cfc7.jpg	6841
https://static.wixstatic.com/media/4ff282_4c8a5d3b53814f66be0f6918d2b3ac02~mv2.jpg/v1/fill/w_147,h_98,al_c,q_80,usm_0.66_1.00_0.01,blur_2,enc_avif,quality_auto/iStock-1083702924_edited.jpg	/Users/oliver/Documents/New project/wix-export-20260528-clean/downloads/cbc88a4c5c933b7e8abb44757dbc103cd6dac6b6e7f257c539d47cb5ada818ae.jpg	2781
https://static.wixstatic.com/media/4ff282_5409db6a40924ddf9e99c6944a290821~mv2.png	/Users/oliver/Documents/New project/wix-export-20260528-clean/downloads/d587d6745900523ed5071b5a2748347661822bd81ce9b7846e549d31beb36190.png	135832
https://static.wixstatic.com/media/4ff282_5409db6a40924ddf9e99c6944a290821~mv2.png/v1/crop/x_8,y_660,w_2771,h_1748/fill/w_364,h_230,fp_0.50_0.50,q_85,usm_0.66_1.00_0.01,enc_avif,quality_auto/DrAD_Traditional_Contemporary_v4_Grey-09%20copy.png	/Users/oliver/Documents/New project/wix-export-20260528-clean/downloads/13230dec31fe22e1bb7cf31e0132b5c62da23f35d2b10d6074de36548cb4774e.png	18515
https://static.wixstatic.com/media/4ff282_5409db6a40924ddf9e99c6944a290821~mv2.png/v1/crop/x_8,y_660,w_2771,h_1748/fill/w_728,h_460,fp_0.50_0.50,q_85,usm_0.66_1.00_0.01,enc_avif,quality_auto/DrAD_Traditional_Contemporary_v4_Grey-09%20copy.png	/Users/oliver/Documents/New project/wix-export-20260528-clean/downloads/9700bc3f3a484410c77c5d5118df77956279dfeafe4b3d4b4b743680d729923e.png	46267
https://static.wixstatic.com/media/4ff282_5409db6a40924ddf9e99c6944a290821~mv2.png/v1/fill/w_1618,h_772,al_c,q_90,usm_0.66_1.00_0.01,enc_avif,quality_auto/DrAD_Traditional_Contemporary_v4_Grey-09%20copy.png	/Users/oliver/Documents/New project/wix-export-20260528-clean/downloads/4c186cffa291138d2fcfd76110dd797a6b0fe125b202c01f27ca178c47e824c4.png	130070
https://static.wixstatic.com/media/4ff282_5409db6a40924ddf9e99c6944a290821~mv2.png/v1/fill/w_809,h_386,al_c,q_85,usm_0.66_1.00_0.01,enc_avif,quality_auto/DrAD_Traditional_Contemporary_v4_Grey-09%20copy.png	/Users/oliver/Documents/New project/wix-export-20260528-clean/downloads/c213917bbb4a136a0c7710fc1fc9681406ee5112c309db8efed87ba269a93029.png	49618
https://static.wixstatic.com/media/4ff282_565007dce0b242079762c1910bc93856~mv2.png/v1/crop/x_0,y_13,w_806,h_733/fill/w_81,h_73,al_c,q_85,usm_0.66_1.00_0.01,blur_2,enc_auto/venerable-chinese-sage-stockcake_Crop%20copy.png	/Users/oliver/Documents/New project/wix-export-20260528-clean/downloads/93c8a4892aedb703a889a356e50f19343be951b747ebd706096deccfcb57a672.png	12165
https://static.wixstatic.com/media/4ff282_565007dce0b242079762c1910bc93856~mv2.png/v1/fill/w_81,h_117,al_c,q_85,usm_0.66_1.00_0.01,blur_2,enc_avif,quality_auto/venerable-chinese-sage-stockcake_Crop%20copy.png	/Users/oliver/Documents/New project/wix-export-20260528-clean/downloads/bb6f070cccc1743e252cce9f09c1b747e64a31f26c16fd47bae9dbb320518c5e.png	20090
https://static.wixstatic.com/media/4ff282_57c8a7c10a034a63a8a7407fe08ad2d0~mv2.png/v1/fill/w_49,h_49,al_c,q_85,usm_0.66_1.00_0.01,blur_2,enc_auto/Man_Back_shutterstock_2408261523_50pc_Wider%20copy.png	/Users/oliver/Documents/New project/wix-export-20260528-clean/downloads/b6fd4a67eafd98e856605e7b23d7939f0f609ae7c1861226802427d685748300.png	5158
https://static.wixstatic.com/media/4ff282_57c8a7c10a034a63a8a7407fe08ad2d0~mv2.png/v1/fill/w_49,h_49,al_c,q_85,usm_0.66_1.00_0.01,blur_2,enc_avif,quality_auto/Man_Back_shutterstock_2408261523_50pc_Wider%20copy.png	/Users/oliver/Documents/New project/wix-export-20260528-clean/downloads/c4fd1de5d92dc87cd41d3e43deaa958683b8cc7bd8ee6e2313f9a8e270d7a146.png	5158
https://static.wixstatic.com/media/4ff282_59cd5f699f184439a949d8557e6d20eb~mv2.png/v1/fill/w_49,h_9,al_c,q_85,usm_0.66_1.00_0.01,blur_2,enc_avif,quality_auto/DRA_Logo_2025_Headline_2_Web_Grey_White.png	/Users/oliver/Documents/New project/wix-export-20260528-clean/downloads/50dd6a140e38a6e466f553e73d62c3e8552b30ca1a142dd3bc769988ca56828d.png	1596
https://static.wixstatic.com/media/4ff282_5c6910d9d94c4499afea05e63bd4f7b2~mv2.jpg/v1/fill/w_147,h_107,al_c,q_80,usm_0.66_1.00_0.01,blur_2,enc_auto/Back%20Pain_edited_edited.jpg	/Users/oliver/Documents/New project/wix-export-20260528-clean/downloads/9c617f8741496c340a0aff202b1615d9cb3f9e4dcc3d086bacb34336fa89e08f.jpg	2554
https://static.wixstatic.com/media/4ff282_5c6910d9d94c4499afea05e63bd4f7b2~mv2.jpg/v1/fill/w_147,h_107,al_c,q_80,usm_0.66_1.00_0.01,blur_2,enc_avif,quality_auto/Back%20Pain_edited_edited.jpg	/Users/oliver/Documents/New project/wix-export-20260528-clean/downloads/f1ea2abfe58a01c61c6dc54116e25a5d704c484e70e86ee9a707be81586258db.jpg	2554
https://static.wixstatic.com/media/4ff282_5e737b984966475bb0b722f06e2aca0e~mv2.png	/Users/oliver/Documents/New project/wix-export-20260528-clean/downloads/1f711877409a9a472a83107899db6afdfd854eec618e34ea6f1a2943109895c8.png	709486
https://static.wixstatic.com/media/4ff282_5e737b984966475bb0b722f06e2aca0e~mv2.png/v1/crop/x_0,y_427,w_2288,h_1089/fill/w_1618,h_772,fp_0.50_0.50,q_90,usm_0.66_1.00_0.01,enc_avif,quality_auto/iStock-Hotty_Plank_1150246541_1645417878879_Flipped_50pc%20copy.png	/Users/oliver/Documents/New project/wix-export-20260528-clean/downloads/68382cf68127ced712db8774b08a1cc52fd717b4d0734da587b52f02debc9c3d.png	447982
https://static.wixstatic.com/media/4ff282_5e737b984966475bb0b722f06e2aca0e~mv2.png/v1/crop/x_0,y_427,w_2288,h_1089/fill/w_809,h_386,fp_0.50_0.50,q_85,usm_0.66_1.00_0.01,enc_avif,quality_auto/iStock-Hotty_Plank_1150246541_1645417878879_Flipped_50pc%20copy.png	/Users/oliver/Documents/New project/wix-export-20260528-clean/downloads/42c0d0f88dbd57748793467015f5e6816ce0d3b0666a5c5241732c6ea02859ba.png	129713
https://static.wixstatic.com/media/4ff282_5e737b984966475bb0b722f06e2aca0e~mv2.png/v1/fill/w_364,h_230,al_c,q_85,usm_0.66_1.00_0.01,enc_avif,quality_auto/iStock-Hotty_Plank_1150246541_1645417878879_Flipped_50pc%20copy.png	/Users/oliver/Documents/New project/wix-export-20260528-clean/downloads/433ae6857ff52223f9059aa8601982066b3637f2cd3b5b721910e505eca32162.png	34108
https://static.wixstatic.com/media/4ff282_5e737b984966475bb0b722f06e2aca0e~mv2.png/v1/fill/w_728,h_460,al_c,q_85,usm_0.66_1.00_0.01,enc_avif,quality_auto/iStock-Hotty_Plank_1150246541_1645417878879_Flipped_50pc%20copy.png	/Users/oliver/Documents/New project/wix-export-20260528-clean/downloads/e1e265c3bb20befcc47d84d8b099cc6291c56c6cc923cd4ada2aee7de96ae7ed.png	104354
https://static.wixstatic.com/media/4ff282_65651675508b43c2ad668f8d71e64009~mv2.png	/Users/oliver/Documents/New project/wix-export-20260528-clean/downloads/9dee0ef9faaf6b932241c9a70a746608feaa4bee738ddbc48b4884eedc797167.png	172223
https://static.wixstatic.com/media/4ff282_65651675508b43c2ad668f8d71e64009~mv2.png/v1/crop/x_0,y_621,w_2861,h_1804/fill/w_364,h_230,fp_0.50_0.50,q_85,usm_0.66_1.00_0.01,enc_avif,quality_auto/DrAD_Traditional_Contemporary_v4_Grey-10%20copy.png	/Users/oliver/Documents/New project/wix-export-20260528-clean/downloads/bf14c3731176adb69111289205b6e9244c0dafa41ffef92ad2076ede9b6e7410.png	21407
https://static.wixstatic.com/media/4ff282_65651675508b43c2ad668f8d71e64009~mv2.png/v1/crop/x_0,y_621,w_2861,h_1804/fill/w_728,h_460,fp_0.50_0.50,q_85,usm_0.66_1.00_0.01,enc_avif,quality_auto/DrAD_Traditional_Contemporary_v4_Grey-10%20copy.png	/Users/oliver/Documents/New project/wix-export-20260528-clean/downloads/fb3703bd769d6775d7db66ddcf570db65a3487f55d97592af5e20bff4ad88405.png	58488
https://static.wixstatic.com/media/4ff282_65651675508b43c2ad668f8d71e64009~mv2.png/v1/crop/x_0,y_713,w_2900,h_1380/fill/w_1618,h_772,fp_0.50_0.50,q_90,usm_0.66_1.00_0.01,enc_avif,quality_auto/DrAD_Traditional_Contemporary_v4_Grey-10%20copy.png	/Users/oliver/Documents/New project/wix-export-20260528-clean/downloads/1f26663ed2eb97f372f016af549bb0da05fb1c85100add166c5209cb7d1d1f35.png	170234
https://static.wixstatic.com/media/4ff282_65651675508b43c2ad668f8d71e64009~mv2.png/v1/crop/x_0,y_713,w_2900,h_1380/fill/w_809,h_386,fp_0.50_0.50,q_85,usm_0.66_1.00_0.01,enc_avif,quality_auto/DrAD_Traditional_Contemporary_v4_Grey-10%20copy.png	/Users/oliver/Documents/New project/wix-export-20260528-clean/downloads/86966a2e31f571c96499fa20b4e84e590c4a2430661ea6cc80a4b8c5556d63f5.png	67273
https://static.wixstatic.com/media/4ff282_688da05d5f3346579271c9ee3f16103f~mv2.png/v1/fill/w_49,h_32,al_c,q_85,usm_0.66_1.00_0.01,blur_2,enc_avif,quality_auto/DrAd_Ad_Pregnant_Beauty_Shot_Studio_shutterstock_2646142001_Cut_Coloured_BlankForPage_Cut_.png	/Users/oliver/Documents/New project/wix-export-20260528-clean/downloads/18b93770bb9e82cf850ed43f5fa12ec19a48ad8f10eee92e9bde2382b655f6c9.png	3475
https://static.wixstatic.com/media/4ff282_6d2daca7bfb046fd94815767186d2733~mv2.webp/v1/fill/w_100,h_67,al_c,q_80,usm_0.66_1.00_0.01,blur_3,enc_avif,quality_auto/4ff282_6d2daca7bfb046fd94815767186d2733~mv2.webp	/Users/oliver/Documents/New project/wix-export-20260528-clean/downloads/97205b2f746e9e2bb8b5ebc2647c5a312b6fad768699b98ce6d9bb45e0dc8b23.webp	1258
https://static.wixstatic.com/media/4ff282_6d88025bdc89427b81d1309c40ff26e4~mv2.jpg/v1/crop/x_42,y_175,w_641,h_627/fill/w_128,h_125,al_c,q_80,usm_0.66_1.00_0.01,blur_2,enc_avif,quality_auto/558159705_122162339252427340_8217230936412533971_n.jpg	/Users/oliver/Documents/New project/wix-export-20260528-clean/downloads/c6d17bfccdc6c2401959bf9f8739dc66c438745e38bf703a38d2b20a94d438ba.jpg	4740
https://static.wixstatic.com/media/4ff282_876d41503bc446ba8bb89a7047ad8bbb~mv2.jpeg/v1/fill/w_100,h_67,al_c,q_80,usm_0.66_1.00_0.01,blur_3,enc_avif,quality_auto/4ff282_876d41503bc446ba8bb89a7047ad8bbb~mv2.jpeg	/Users/oliver/Documents/New project/wix-export-20260528-clean/downloads/a81a4d7922bb8f7c9abe32af58a357ef49f0e2581fa7b06ec83a2779ad904aff.jpeg	1773
https://static.wixstatic.com/media/4ff282_9d68d069e1fc414a94d2946e9b1916c2~mv2.png/v1/fill/w_49,h_66,al_c,q_85,usm_0.66_1.00_0.01,blur_2,enc_auto/Nose_Band_Model_Green%20copy.png	/Users/oliver/Documents/New project/wix-export-20260528-clean/downloads/85734eb68740eeb141b3d1423f0c73d07e85ec302277760e64a6eca50caf394e.png	10884
https://static.wixstatic.com/media/4ff282_9d68d069e1fc414a94d2946e9b1916c2~mv2.png/v1/fill/w_49,h_66,al_c,q_85,usm_0.66_1.00_0.01,blur_2,enc_avif,quality_auto/Nose_Band_Model_Green%20copy.png	/Users/oliver/Documents/New project/wix-export-20260528-clean/downloads/298315f70a03c8a12020207713c339634d46895181cf9e509148a296b9230820.png	10884
https://static.wixstatic.com/media/4ff282_affc0c51a4ab4197b78bc40db25574f3~mv2.png	/Users/oliver/Documents/New project/wix-export-20260528-clean/downloads/898aa4e11b6176ded3b8c4c3a26b780e0e4a49b18e13a82dcd0d915d49ddf13b.png	192974
https://static.wixstatic.com/media/4ff282_affc0c51a4ab4197b78bc40db25574f3~mv2.png/v1/crop/x_129,y_384,w_1324,h_835/fill/w_364,h_230,fp_0.50_0.50,q_85,usm_0.66_1.00_0.01,enc_avif,quality_auto/Wix_Back_Edited_v1_wider_smaller_Girl_Hunched_Girl_New_Green_Cutouts_Only_Nude_Cross_Legs_.png	/Users/oliver/Documents/New project/wix-export-20260528-clean/downloads/2e946f8d21af1cb68197a04fffb631be889e0ef2a89093c8c5a7304d4f9a5afa.png	29302
https://static.wixstatic.com/media/4ff282_affc0c51a4ab4197b78bc40db25574f3~mv2.png/v1/crop/x_129,y_384,w_1324,h_835/fill/w_728,h_460,fp_0.50_0.50,q_85,usm_0.66_1.00_0.01,enc_avif,quality_auto/Wix_Back_Edited_v1_wider_smaller_Girl_Hunched_Girl_New_Green_Cutouts_Only_Nude_Cross_Legs_.png	/Users/oliver/Documents/New project/wix-export-20260528-clean/downloads/eb6d1c04d2193f6094bffd6b9fef60256b1462c6f95a4fe508379f65be326b88.png	91268
https://static.wixstatic.com/media/4ff282_affc0c51a4ab4197b78bc40db25574f3~mv2.png/v1/crop/x_15,y_382,w_1543,h_734/fill/w_1538,h_734,fp_0.50_0.50,q_90,enc_avif,quality_auto/Wix_Back_Edited_v1_wider_smaller_Girl_Hunched_Girl_New_Green_Cutouts_Only_Nude_Cross_Legs_.png	/Users/oliver/Documents/New project/wix-export-20260528-clean/downloads/35bfba21d44b15b834bdd11bfc714f5ce6b0a1db4cf57edf2e16ece6d4b44dc3.png	232892
https://static.wixstatic.com/media/4ff282_affc0c51a4ab4197b78bc40db25574f3~mv2.png/v1/crop/x_15,y_382,w_1543,h_734/fill/w_809,h_386,fp_0.50_0.50,q_85,usm_0.66_1.00_0.01,enc_avif,quality_auto/Wix_Back_Edited_v1_wider_smaller_Girl_Hunched_Girl_New_Green_Cutouts_Only_Nude_Cross_Legs_.png	/Users/oliver/Documents/New project/wix-export-20260528-clean/downloads/e0ce9ddc4a44843ddeafdd880ec76dda36ccc29d0a13045255da93b78eabf68f.png	85379
https://static.wixstatic.com/media/4ff282_b2c995a19e4c41f7aa4a201826e6a84f~mv2.png/v1/fill/w_49,h_39,al_c,q_85,usm_0.66_1.00_0.01,blur_2,enc_auto/DrAd_Ad_Pregnant_Beauty_Shot_Studio_shutterstock_2646142001_Cut_Coloured_BlankForPage_Cut_.png	/Users/oliver/Documents/New project/wix-export-20260528-clean/downloads/08845578ac42cb3daf7ac24600f755511071dc4e41a2d7f93c5fe429b8957c93.png	4020
https://static.wixstatic.com/media/4ff282_b2c995a19e4c41f7aa4a201826e6a84f~mv2.png/v1/fill/w_49,h_39,al_c,q_85,usm_0.66_1.00_0.01,blur_2,enc_avif,quality_auto/DrAd_Ad_Pregnant_Beauty_Shot_Studio_shutterstock_2646142001_Cut_Coloured_BlankForPage_Cut_.png	/Users/oliver/Documents/New project/wix-export-20260528-clean/downloads/d4c1e9464df333dc0be88d7cacbc6453520901f60a9a86358755982fe1ba0fa5.png	4020
https://static.wixstatic.com/media/4ff282_c04e7a1ebb5f4492a5c563c2cc052279~mv2.png/v1/fill/w_49,h_34,al_c,q_85,usm_0.66_1.00_0.01,blur_2,enc_auto/DrAd_Ad_Pregnant_Beauty_Shot_Studio_shutterstock_2646142001_Cut_Coloured_BlankForPage_Cut_.png	/Users/oliver/Documents/New project/wix-export-20260528-clean/downloads/5117f038c18e47edc17866472fe6448f83b1082a7e8b4e78b387cedfd676a659.png	3871
https://static.wixstatic.com/media/4ff282_c04e7a1ebb5f4492a5c563c2cc052279~mv2.png/v1/fill/w_49,h_34,al_c,q_85,usm_0.66_1.00_0.01,blur_2,enc_avif,quality_auto/DrAd_Ad_Pregnant_Beauty_Shot_Studio_shutterstock_2646142001_Cut_Coloured_BlankForPage_Cut_.png	/Users/oliver/Documents/New project/wix-export-20260528-clean/downloads/078801f873035897566967b352eabf38e7111686bee8e409538524a77f42de65.png	3871
https://static.wixstatic.com/media/4ff282_c0cb052ba28e49f991baf03e3baecd0e~mv2.png/v1/fill/w_49,h_39,al_c,q_85,usm_0.66_1.00_0.01,blur_2,enc_avif,quality_auto/DrAd_Ad_Pregnant_Beauty_Shot_Studio_shutterstock_2646142001_Cut_Coloured_BlankForPage_Cut_.png	/Users/oliver/Documents/New project/wix-export-20260528-clean/downloads/43bdf75bd196fc4792f2b09e4f74401bab2f82c1000f83d05e8cc01aa053ce94.png	4020
https://static.wixstatic.com/media/4ff282_c10d8e28f9a64e178796cfdde94b06a9~mv2.png	/Users/oliver/Documents/New project/wix-export-20260528-clean/downloads/d32bb085b213094eaa16fee0af93bfeffc286c4a3562a0c0259947f265836987.png	419889
https://static.wixstatic.com/media/4ff282_c10d8e28f9a64e178796cfdde94b06a9~mv2.png/v1/crop/x_0,y_574,w_1999,h_951/fill/w_1618,h_772,fp_0.50_0.50,q_90,usm_0.66_1.00_0.01,enc_avif,quality_auto/Lilac_Superman_%20Flip.png	/Users/oliver/Documents/New project/wix-export-20260528-clean/downloads/80366aacdb44f550f803b2663741fe8d0af022ed8107ab8b850b6c6a25a71010.png	462905
https://static.wixstatic.com/media/4ff282_c10d8e28f9a64e178796cfdde94b06a9~mv2.png/v1/crop/x_0,y_574,w_1999,h_951/fill/w_809,h_386,fp_0.50_0.50,q_85,usm_0.66_1.00_0.01,enc_avif,quality_auto/Lilac_Superman_%20Flip.png	/Users/oliver/Documents/New project/wix-export-20260528-clean/downloads/76ee666fba2c2cf97477fb25d08887d46197076c5945c8f4518893bc99b96c23.png	149164
https://static.wixstatic.com/media/4ff282_c10d8e28f9a64e178796cfdde94b06a9~mv2.png/v1/crop/x_153,y_565,w_1755,h_1107/fill/w_364,h_230,fp_0.50_0.50,q_85,usm_0.66_1.00_0.01,enc_avif,quality_auto/Lilac_Superman_%20Flip.png	/Users/oliver/Documents/New project/wix-export-20260528-clean/downloads/6cbf98c74be4d165ce2e19b13a18dbca524a8e471268f123deb62f267f425081.png	51288
https://static.wixstatic.com/media/4ff282_c10d8e28f9a64e178796cfdde94b06a9~mv2.png/v1/crop/x_153,y_565,w_1755,h_1107/fill/w_728,h_460,fp_0.50_0.50,q_85,usm_0.66_1.00_0.01,enc_avif,quality_auto/Lilac_Superman_%20Flip.png	/Users/oliver/Documents/New project/wix-export-20260528-clean/downloads/b97d09d603fbe8b5ad134b3c4cc1f1dffa58a522f0cb9b8c92fb9206aeb287f7.png	153161
https://static.wixstatic.com/media/4ff282_ca54c95a6f8b4dea968842c401e50ca3~mv2.png	/Users/oliver/Documents/New project/wix-export-20260528-clean/downloads/3df4c11eb375c46b7388286869245a45be267dd52bc1f09eddffbf55034e85b8.png	936770
https://static.wixstatic.com/media/4ff282_ca54c95a6f8b4dea968842c401e50ca3~mv2.png/v1/crop/x_228,y_1045,w_2770,h_1747/fill/w_364,h_230,fp_0.50_0.50,q_85,usm_0.66_1.00_0.01,enc_avif,quality_auto/shahar__hauon%201_2_Smaller_Smaller_SmallerCrop_w_Shadow_Smaller%20_Smaller_Lighter_v3%20copy_pn.png	/Users/oliver/Documents/New project/wix-export-20260528-clean/downloads/4b23a355a674ccde7227ff05a7c742fae770749c06177f4541ac317e93c09ca2.png	34237
https://static.wixstatic.com/media/4ff282_ca54c95a6f8b4dea968842c401e50ca3~mv2.png/v1/crop/x_228,y_1045,w_2770,h_1747/fill/w_728,h_460,fp_0.50_0.50,q_85,usm_0.66_1.00_0.01,enc_avif,quality_auto/shahar__hauon%201_2_Smaller_Smaller_SmallerCrop_w_Shadow_Smaller%20_Smaller_Lighter_v3%20copy_pn.png	/Users/oliver/Documents/New project/wix-export-20260528-clean/downloads/c670e6bbe837b3a0aeadd2f48dd27ed5bb7539c1c850d441e101c52cec751a31.png	111113
https://static.wixstatic.com/media/4ff282_ca54c95a6f8b4dea968842c401e50ca3~mv2.png/v1/crop/x_7,y_1054,w_3220,h_1533/fill/w_1618,h_772,fp_0.50_0.50,q_90,usm_0.66_1.00_0.01,enc_avif,quality_auto/shahar__hauon%201_2_Smaller_Smaller_SmallerCrop_w_Shadow_Smaller%20_Smaller_Lighter_v3%20copy_pn.png	/Users/oliver/Documents/New project/wix-export-20260528-clean/downloads/192f9a4b0a2ea36523a896bb09e49f92e196655ac50716b5bee3cc7dce696e99.png	356998
https://static.wixstatic.com/media/4ff282_ca54c95a6f8b4dea968842c401e50ca3~mv2.png/v1/crop/x_7,y_1054,w_3220,h_1533/fill/w_809,h_386,fp_0.50_0.50,q_85,usm_0.66_1.00_0.01,enc_avif,quality_auto/shahar__hauon%201_2_Smaller_Smaller_SmallerCrop_w_Shadow_Smaller%20_Smaller_Lighter_v3%20copy_pn.png	/Users/oliver/Documents/New project/wix-export-20260528-clean/downloads/a0d755f3aa1c874babc3ad0bc052aa3c63be556810b5c60ec1dd3eff577198c1.png	104026
https://static.wixstatic.com/media/4ff282_cd4bcef12e18463cb3a610605b139e7b~mv2.jpg/v1/fill/w_147,h_90,al_c,q_80,usm_0.66_1.00_0.01,blur_2,enc_avif,quality_auto/Pregnancy_Hands_Womens_HealthiStock-1366468183%20copy.jpg	/Users/oliver/Documents/New project/wix-export-20260528-clean/downloads/8d5726e01f7d29b1bc211ec56b036fe2e92c1060ed24736644bcc60fd461f2e0.jpg	2647
https://static.wixstatic.com/media/4ff282_d2c76d8ca3ef41da895efe3270d545b5~mv2.png/v1/fill/w_49,h_30,al_c,q_85,usm_0.66_1.00_0.01,blur_2,enc_avif,quality_auto/majestic-ancient-oak-tree-with-broad-canopy-twisting-branches-against-white-backdrop_38013.png	/Users/oliver/Documents/New project/wix-export-20260528-clean/downloads/d8a1fd5fe67c6d79b69e364baeb195ae863ec7abb1f0a9fe216262aa46f624dd.png	5154
https://static.wixstatic.com/media/4ff282_d2ef611b660f4bdf828226957705ecbf~mv2.png/v1/fill/w_81,h_124,al_c,q_85,usm_0.66_1.00_0.01,blur_2,enc_avif,quality_auto/venerable-chinese-sage-stockcake_Crop%20copy.png	/Users/oliver/Documents/New project/wix-export-20260528-clean/downloads/f1c9034a4c7847eeaeaab3eb47986ca2344efcdf66658ec99ce6df10c1db0de7.png	20579
https://static.wixstatic.com/media/4ff282_d5f30aaa1e27453c82b2955d45da7fba~mv2.png	/Users/oliver/Documents/New project/wix-export-20260528-clean/downloads/218d1c620f47b139bc0815fc5aa2f3729813360b307b53ab993c3fd14b37ec6d.png	17423
https://static.wixstatic.com/media/4ff282_d5f30aaa1e27453c82b2955d45da7fba~mv2.png/v1/crop/x_4,y_0,w_1124,h_213/fill/w_1349,h_256,fp_0.50_0.50,lg_1,q_85,enc_avif,quality_auto/DRA_Logo_2025_Headline_2_Web_Green_White.png	/Users/oliver/Documents/New project/wix-export-20260528-clean/downloads/00a4f7eb9f604692f120271d6b59e2846564d227fc0b6dbe3eb0a99d2385063b.png	46852
https://static.wixstatic.com/media/4ff282_d5f30aaa1e27453c82b2955d45da7fba~mv2.png/v1/crop/x_4,y_0,w_1124,h_213/fill/w_818,h_155,fp_0.50_0.50,q_85,usm_0.66_1.00_0.01,enc_avif,quality_auto/DRA_Logo_2025_Headline_2_Web_Green_White.png	/Users/oliver/Documents/New project/wix-export-20260528-clean/downloads/6a4c318ab05553845b0e131179cb808d247da304426fea5132f7889dedc0d025.png	52735
https://static.wixstatic.com/media/4ff282_d5f30aaa1e27453c82b2955d45da7fba~mv2.png/v1/crop/x_5,y_0,w_1124,h_213/fill/w_325,h_62,fp_0.50_0.50,q_85,usm_0.66_1.00_0.01,enc_avif,quality_auto/DRA_Logo_2025_Headline_2_Web_Green_White.png	/Users/oliver/Documents/New project/wix-export-20260528-clean/downloads/1b4820d07ca155e1c723acc1bd168f659213906c99db0075c605241482c53199.png	19013
https://static.wixstatic.com/media/4ff282_d5f30aaa1e27453c82b2955d45da7fba~mv2.png/v1/crop/x_5,y_0,w_1124,h_213/fill/w_650,h_124,fp_0.50_0.50,q_85,usm_0.66_1.00_0.01,enc_avif,quality_auto/DRA_Logo_2025_Headline_2_Web_Green_White.png	/Users/oliver/Documents/New project/wix-export-20260528-clean/downloads/b5368fdb1bcbeef49c82a284857cce80d545c5f24a5307b52d58a8bcd6c72646.png	34516
https://static.wixstatic.com/media/4ff282_d63613d24f2d4eed8d7b3cdd0b9aa47e~mv2.png/v1/fill/w_49,h_12,al_c,q_85,usm_0.66_1.00_0.01,blur_2,enc_avif,quality_auto/DRA_Logo_2025_Headlines_Rev_Thrive_Green_Grey.png	/Users/oliver/Documents/New project/wix-export-20260528-clean/downloads/1dc0cb06e89721bdbf7d50db298dbc327ac17218480a82b76d872721dbc27bfb.png	2026
https://static.wixstatic.com/media/4ff282_dace3fc48d064040ad46c308905e49a7~mv2.png	/Users/oliver/Documents/New project/wix-export-20260528-clean/downloads/4eed51112d95f3397cb12ec7a5a26d05fcefc23e26940c7be18d83c1c1bc6209.png	473612
https://static.wixstatic.com/media/4ff282_dace3fc48d064040ad46c308905e49a7~mv2.png/v1/crop/x_0,y_995,w_3869,h_1842/fill/w_1618,h_772,fp_0.50_0.50,q_90,usm_0.66_1.00_0.01,enc_avif,quality_auto/DrAD_Medicine_Bottles_2026_Development_v7_Web%20copy.png	/Users/oliver/Documents/New project/wix-export-20260528-clean/downloads/b00708cc692677674fc37afb8948d6aa897bfee28bdff526796b5f4dc4baec6a.png	427617
https://static.wixstatic.com/media/4ff282_dace3fc48d064040ad46c308905e49a7~mv2.png/v1/crop/x_0,y_995,w_3869,h_1842/fill/w_809,h_386,fp_0.50_0.50,q_85,usm_0.66_1.00_0.01,enc_avif,quality_auto/DrAD_Medicine_Bottles_2026_Development_v7_Web%20copy.png	/Users/oliver/Documents/New project/wix-export-20260528-clean/downloads/e61e25312905449b5d5a694fef12e28cc9995ce30fc30e8b8ae7225008dee1e2.png	141943
https://static.wixstatic.com/media/4ff282_dace3fc48d064040ad46c308905e49a7~mv2.png/v1/crop/x_502,y_1168,w_2950,h_1860/fill/w_364,h_230,fp_0.50_0.50,q_85,usm_0.66_1.00_0.01,enc_avif,quality_auto/DrAD_Medicine_Bottles_2026_Development_v7_Web%20copy.png	/Users/oliver/Documents/New project/wix-export-20260528-clean/downloads/7b7df8cd3e3f2ddb8c40525fbb570373bf63dad9fcae06ec2e6f19e956c844cc.png	60994
https://static.wixstatic.com/media/4ff282_dace3fc48d064040ad46c308905e49a7~mv2.png/v1/crop/x_502,y_1168,w_2950,h_1860/fill/w_728,h_460,fp_0.50_0.50,q_85,usm_0.66_1.00_0.01,enc_avif,quality_auto/DrAD_Medicine_Bottles_2026_Development_v7_Web%20copy.png	/Users/oliver/Documents/New project/wix-export-20260528-clean/downloads/d68d8a0d7fa227a7ab3384c17f49509a87200023e1b18f862817be7cf4169d04.png	179514
https://static.wixstatic.com/media/4ff282_e034ff19d8764a91b33bf60248f400f4~mv2.png/v1/fill/w_46,h_45,al_c,q_85,usm_0.66_1.00_0.01,blur_2,enc_auto/ChinesePaintingDragonGods_Cropped%20copy.png	/Users/oliver/Documents/New project/wix-export-20260528-clean/downloads/db7fac023d9ce0ae6168cdf58bb69dde91332ed99481b283515346f76d4053d1.png	5418
https://static.wixstatic.com/media/4ff282_e034ff19d8764a91b33bf60248f400f4~mv2.png/v1/fill/w_46,h_45,al_c,q_85,usm_0.66_1.00_0.01,blur_2,enc_avif,quality_auto/ChinesePaintingDragonGods_Cropped%20copy.png	/Users/oliver/Documents/New project/wix-export-20260528-clean/downloads/f8e768ae32dc2525882f10bec6a50cd683c7cba1a1fde5e6be6f9f00de7237c2.png	5418
https://static.wixstatic.com/media/4ff282_f1798a0d8b374d76a59df0f09ca7ef88~mv2.png	/Users/oliver/Documents/New project/wix-export-20260528-clean/downloads/f8659ee7ee670d803d12fdc17280da10399e2554074d94b477fe732813be0024.png	504404
https://static.wixstatic.com/media/4ff282_f1798a0d8b374d76a59df0f09ca7ef88~mv2.png/v1/crop/x_1,y_806,w_2117,h_1008/fill/w_1618,h_772,fp_0.50_0.50,q_90,usm_0.66_1.00_0.01,enc_avif,quality_auto/istockphoto-2220756344-2048x2048_4_Yellow_Ball_Spin_New_Cropped_Out%20copy.png	/Users/oliver/Documents/New project/wix-export-20260528-clean/downloads/c9a5fcbf1eadf6788e7f1ddf56adf13c82dec2dff05418014e6876c50ab051d2.png	481414
https://static.wixstatic.com/media/4ff282_f1798a0d8b374d76a59df0f09ca7ef88~mv2.png/v1/crop/x_1,y_806,w_2117,h_1008/fill/w_809,h_386,fp_0.50_0.50,q_85,usm_0.66_1.00_0.01,enc_avif,quality_auto/istockphoto-2220756344-2048x2048_4_Yellow_Ball_Spin_New_Cropped_Out%20copy.png	/Users/oliver/Documents/New project/wix-export-20260528-clean/downloads/9002ea5e873f6c1094731c409669b0c256f0faf526ae21451b32330b4baf1a55.png	143403
https://static.wixstatic.com/media/4ff282_f1798a0d8b374d76a59df0f09ca7ef88~mv2.png/v1/crop/x_223,y_806,w_1672,h_1054/fill/w_364,h_230,fp_0.50_0.50,q_85,usm_0.66_1.00_0.01,enc_avif,quality_auto/istockphoto-2220756344-2048x2048_4_Yellow_Ball_Spin_New_Cropped_Out%20copy.png	/Users/oliver/Documents/New project/wix-export-20260528-clean/downloads/ecd8b6dc78e0e1f053946f2023a264ea9801ea3441ff0c2ebb46f9019b38b35d.png	55898
https://static.wixstatic.com/media/4ff282_f1798a0d8b374d76a59df0f09ca7ef88~mv2.png/v1/crop/x_223,y_806,w_1672,h_1054/fill/w_728,h_460,fp_0.50_0.50,q_85,usm_0.66_1.00_0.01,enc_avif,quality_auto/istockphoto-2220756344-2048x2048_4_Yellow_Ball_Spin_New_Cropped_Out%20copy.png	/Users/oliver/Documents/New project/wix-export-20260528-clean/downloads/3510ec8649aa45099c9fbc23ff6900e3c14ee9f1a276954e32340dc5c8ebce3a.png	177568
https://static.wixstatic.com/media/4ff282_f5dd51a5f90a48f18c0cadbc0a29814b~mv2.png	/Users/oliver/Documents/New project/wix-export-20260528-clean/downloads/e6b8d46acc18f224f9bdecea5ac105e4d87881c5289c01c61a28ae84614c85ff.png	792844
https://static.wixstatic.com/media/4ff282_f5dd51a5f90a48f18c0cadbc0a29814b~mv2.png/v1/crop/x_182,y_680,w_2224,h_1059/fill/w_1618,h_772,fp_0.50_0.50,q_90,usm_0.66_1.00_0.01,enc_avif,quality_auto/Football_istockphoto-532325780-2048x2048_Coloured_5%20copy.png	/Users/oliver/Documents/New project/wix-export-20260528-clean/downloads/0f9fe6619e24c93f373ac269bf2384f3705e3c392fff63980b59ca7d8516ec61.png	593662
https://static.wixstatic.com/media/4ff282_f5dd51a5f90a48f18c0cadbc0a29814b~mv2.png/v1/crop/x_182,y_680,w_2224,h_1059/fill/w_809,h_386,fp_0.50_0.50,q_85,usm_0.66_1.00_0.01,enc_avif,quality_auto/Football_istockphoto-532325780-2048x2048_Coloured_5%20copy.png	/Users/oliver/Documents/New project/wix-export-20260528-clean/downloads/b0a7bc56cf7cd8a253e912a70fda0fd1b02a15d579edc86630b86add59b95bb6.png	171492
https://static.wixstatic.com/media/4ff282_f5dd51a5f90a48f18c0cadbc0a29814b~mv2.png/v1/crop/x_405,y_678,w_1773,h_1118/fill/w_364,h_230,fp_0.50_0.50,q_85,usm_0.66_1.00_0.01,enc_avif,quality_auto/Football_istockphoto-532325780-2048x2048_Coloured_5%20copy.png	/Users/oliver/Documents/New project/wix-export-20260528-clean/downloads/9bcafa63a6289432b8a35b73317f4a7e1a8a2104f23234e6aa4f2a3ef7c39d90.png	64009
https://static.wixstatic.com/media/4ff282_f5dd51a5f90a48f18c0cadbc0a29814b~mv2.png/v1/crop/x_405,y_678,w_1773,h_1118/fill/w_728,h_460,fp_0.50_0.50,q_85,usm_0.66_1.00_0.01,enc_avif,quality_auto/Football_istockphoto-532325780-2048x2048_Coloured_5%20copy.png	/Users/oliver/Documents/New project/wix-export-20260528-clean/downloads/6d26d5be7a3358a7693e621bd1e23571575347a1de141d6b043b8b064b6ff75f.png	210003
https://static.wixstatic.com/media/4ff282_ff108f49b5e5457e97fb2e89c6bd50ed~mv2.png/v1/crop/x_2,y_0,w_439,h_303/fill/w_110,h_76,al_c,q_85,usm_0.66_1.00_0.01,blur_2,enc_avif,quality_auto/PharmacyLogoGrey_Small%20copy.png	/Users/oliver/Documents/New project/wix-export-20260528-clean/downloads/5f28255e07e4ff060f8f931ad9539dc03d85d47fef7f83e6ce9cdb4e9ea1bb97.png	16204
https://static.wixstatic.com/media/4ff282_ff4aa0aca0da498685bf338c4ec59744~mv2.png/v1/fill/w_49,h_40,al_c,q_85,usm_0.66_1.00_0.01,blur_2,enc_avif,quality_auto/Blog-Lumbar-Belt-to-Treat-Back-Pain-and-Not-Just-Ease-It%20copy.png	/Users/oliver/Documents/New project/wix-export-20260528-clean/downloads/5c8040131405165c2f7fc6b36ee509c87c7ca262401b0035293966d21894c73e.png	5253
https://static.wixstatic.com/media/a382886ed8c34e9e91b5cc4c1383682f.jpg/v1/fill/w_147,h_98,al_c,q_80,usm_0.66_1.00_0.01,blur_2,enc_avif,quality_auto/Face%20Roller.jpg	/Users/oliver/Documents/New project/wix-export-20260528-clean/downloads/274282d7f0059029f2cb1037b9f3937d9a449c8e9d47572571ff14f12c14493f.jpg	3137
https://static.wixstatic.com/media/ad439a36b98e46a88497732324a4deeb.jpg/v1/fill/w_147,h_98,al_c,q_80,usm_0.66_1.00_0.01,blur_2,enc_avif,quality_auto/Traditional%20Medicine%20Cabinet.jpg	/Users/oliver/Documents/New project/wix-export-20260528-clean/downloads/961958806235efee50c4b0ff14c4121632a838e213221e5fac0b58ba1b5d0855.jpg	3139
https://static.wixstatic.com/media/c837a6_427102c2cc2a4d49b25e13b21832f499~mv2.png/v1/fit/w_480,h_360,q_90,enc_avif,quality_auto/c837a6_427102c2cc2a4d49b25e13b21832f499~mv2.png	/Users/oliver/Documents/New project/wix-export-20260528-clean/downloads/0350229f4913184dbd3bc837f40fb35b5c018f689f8d2ba12a6be0d8870324e2.png	9889
https://static.wixstatic.com/media/c837a6_427102c2cc2a4d49b25e13b21832f499~mv2.png/v1/fit/w_692,h_519,q_90,enc_avif,quality_auto/c837a6_427102c2cc2a4d49b25e13b21832f499~mv2.png	/Users/oliver/Documents/New project/wix-export-20260528-clean/downloads/cc07791eed90e6ced9bb517c106eb10de73738db75afff473257475849935fae.png	15655
https://static.wixstatic.com/media/c837a6_5aa9cfc44ee94d70b308ef817b548d12~mv2.png/v1/fit/w_480,h_360,q_90,enc_avif,quality_auto/c837a6_5aa9cfc44ee94d70b308ef817b548d12~mv2.png	/Users/oliver/Documents/New project/wix-export-20260528-clean/downloads/5eaef2310a1866c1bde3f069a8502d68bd252696010c1e6c67103fa71fe56fdd.png	10844
https://static.wixstatic.com/media/c837a6_5aa9cfc44ee94d70b308ef817b548d12~mv2.png/v1/fit/w_692,h_519,q_90,enc_avif,quality_auto/c837a6_5aa9cfc44ee94d70b308ef817b548d12~mv2.png	/Users/oliver/Documents/New project/wix-export-20260528-clean/downloads/97b11a1273496ed448194c2b1b4eaf1c36ce30c66602fde2e4168dbff23b1580.png	17601
https://static.wixstatic.com/media/c837a6_5da70eda3cf74491a2eed99a6cfa09df~mv2.png/v1/fit/w_480,h_360,q_90,enc_avif,quality_auto/c837a6_5da70eda3cf74491a2eed99a6cfa09df~mv2.png	/Users/oliver/Documents/New project/wix-export-20260528-clean/downloads/89dedb3c4e1fef7357f3a9924b8e5e86d3a2cd01cd7ce737cd4f87c5dcd562c1.png	6320
https://static.wixstatic.com/media/c837a6_5da70eda3cf74491a2eed99a6cfa09df~mv2.png/v1/fit/w_692,h_519,q_90,enc_avif,quality_auto/c837a6_5da70eda3cf74491a2eed99a6cfa09df~mv2.png	/Users/oliver/Documents/New project/wix-export-20260528-clean/downloads/ba0d455321474301dfa9549ab2ae1a55e4860c7936ad5c13027a5412bd9565eb.png	9494
https://static.wixstatic.com/media/c837a6_623a34e85fda4da2b89cfd12c6d43076~mv2.png/v1/fit/w_480,h_360,q_90,enc_avif,quality_auto/c837a6_623a34e85fda4da2b89cfd12c6d43076~mv2.png	/Users/oliver/Documents/New project/wix-export-20260528-clean/downloads/42b63f7f1fa6018fa81a7c43da98d1d69f8cd038afc8462ff956de99530940bc.png	12049
https://static.wixstatic.com/media/c837a6_623a34e85fda4da2b89cfd12c6d43076~mv2.png/v1/fit/w_692,h_519,q_90,enc_avif,quality_auto/c837a6_623a34e85fda4da2b89cfd12c6d43076~mv2.png	/Users/oliver/Documents/New project/wix-export-20260528-clean/downloads/5d397416267853aff52f8dd3d634c5ff536afeb20141eed755c7d757302225b1.png	19790
https://static.wixstatic.com/media/c837a6_d21ff80938ed4ed9acffeb9248f132d0~mv2.png/v1/fit/w_480,h_360,q_90,enc_avif,quality_auto/c837a6_d21ff80938ed4ed9acffeb9248f132d0~mv2.png	/Users/oliver/Documents/New project/wix-export-20260528-clean/downloads/a613d7a21266c8bacf2bb08e882fa0334a274cc3fc848ef1f6b7d405fb731af2.png	6801
https://static.wixstatic.com/media/c837a6_d21ff80938ed4ed9acffeb9248f132d0~mv2.png/v1/fit/w_692,h_519,q_90,enc_avif,quality_auto/c837a6_d21ff80938ed4ed9acffeb9248f132d0~mv2.png	/Users/oliver/Documents/New project/wix-export-20260528-clean/downloads/38d443b80c313ce61a4ab49d53db0c52c150c0d5e0a8155840c549446c7c0a72.png	10634
https://static.wixstatic.com/ufonts/888fcd_86491c1ffad84869a23bf64d222f7c5d/ttf/file.ttf	/Users/oliver/Documents/New project/wix-export-20260528-clean/downloads/4364aaeae8b33b79655be5db39fa3b181cd78c374bf1a11c2ea54c31ab2f23b0.ttf	184628
https://static.wixstatic.com/ufonts/888fcd_86491c1ffad84869a23bf64d222f7c5d/woff/file.woff	/Users/oliver/Documents/New project/wix-export-20260528-clean/downloads/ca8dd43198c53b27a5a7764a7608083970b89d99c8b8c46f9b28d5530f4ea757.woff	72656
https://static.wixstatic.com/ufonts/888fcd_86491c1ffad84869a23bf64d222f7c5d/woff2/file.woff2	/Users/oliver/Documents/New project/wix-export-20260528-clean/downloads/ed541f73eecf14c19b3e11e6d1e1dcde0695d0c3ddc7b40bdf52dc60956023bb.woff2	28672
https://static.wixstatic.com/ufonts/888fcd_86491c1ffad84869a23bf64d222f7c5d/woff2/file.woff2	/Users/oliver/Documents/New project/wix-export-20260528-clean/downloads/ed541f73eecf14c19b3e11e6d1e1dcde0695d0c3ddc7b40bdf52dc60956023bb.woff2	47672
https://static.wixstatic.com/ufonts/888fcd_bf9f035a936944e0b4a5af39fcdcf4d1/ttf/file.ttf	/Users/oliver/Documents/New project/wix-export-20260528-clean/downloads/c5dcbdf919c6b34ec92105deb179f42b473dd8cfdc0664912f1c524481a8374d.ttf	187304
https://static.wixstatic.com/ufonts/888fcd_bf9f035a936944e0b4a5af39fcdcf4d1/woff/file.woff	/Users/oliver/Documents/New project/wix-export-20260528-clean/downloads/3090c1785d70277b8dd806182f2d600251f14df99d2ea3c2756ebf3cc0476f6f.woff	73764
https://static.wixstatic.com/ufonts/888fcd_bf9f035a936944e0b4a5af39fcdcf4d1/woff2/file.woff2	/Users/oliver/Documents/New project/wix-export-20260528-clean/downloads/baa53868c2bf560edd815a475d2cf3328003705c939330f14d94ef5b44429c59.woff2	45972
https://static.wixstatic.com/ufonts/8b565e_3e9cf08657a34cf1afc4aa4dee7333e8/ttf/file.ttf	/Users/oliver/Documents/New project/wix-export-20260528-clean/downloads/6fad5719fe7f3d83f00c537c82a54249a1c97b10da343e96a5c8e4660587e02c.ttf	183760
https://static.wixstatic.com/ufonts/8b565e_3e9cf08657a34cf1afc4aa4dee7333e8/woff/file.woff	/Users/oliver/Documents/New project/wix-export-20260528-clean/downloads/75672cd480984daaecf0af5eda4407d8bbab8657b8052e30eeaf0499767ea466.woff	76060
https://static.wixstatic.com/ufonts/8b565e_3e9cf08657a34cf1afc4aa4dee7333e8/woff2/file.woff2	/Users/oliver/Documents/New project/wix-export-20260528-clean/downloads/c1d3b35220a0481a7fd79231caaced8ad10f9ef6f71cfb242737d8641fd66d28.woff2	44760
https://static.wixstatic.com/ufonts/8b565e_87d89f3d257842ebb4e1e88c6ce59d83/ttf/file.ttf	/Users/oliver/Documents/New project/wix-export-20260528-clean/downloads/595e94dadd6f675aa1e55bd8b6f736ea5974f4394f366d185b7884828d27d2ff.ttf	184920
https://static.wixstatic.com/ufonts/8b565e_87d89f3d257842ebb4e1e88c6ce59d83/woff/file.woff	/Users/oliver/Documents/New project/wix-export-20260528-clean/downloads/4badfcb82fbff057e21403eb392e77d2fb767f6765655de2d2947fc45e1c0620.woff	78364
https://static.wixstatic.com/ufonts/8b565e_87d89f3d257842ebb4e1e88c6ce59d83/woff2/file.woff2	/Users/oliver/Documents/New project/wix-export-20260528-clean/downloads/5c5ce624ee8699ee766a40bd73841c703d085a0e51272efc877ab28a598c8f45.woff2	47460
https://static.wixstatic.com/ufonts/8b565e_8d99849c5592478782098af215fe3581/ttf/file.ttf	/Users/oliver/Documents/New project/wix-export-20260528-clean/downloads/6055a127c29ce87dac5f4107055a185eb0e01dfa5bcdd9d5139ceb707dfe3186.ttf	185464
https://static.wixstatic.com/ufonts/8b565e_8d99849c5592478782098af215fe3581/woff/file.woff	/Users/oliver/Documents/New project/wix-export-20260528-clean/downloads/de8ea9b45f82fef8c6dd8a7db5cced80818b37769badcffa20338705e21bd3ef.woff	77556
https://static.wixstatic.com/ufonts/8b565e_8d99849c5592478782098af215fe3581/woff2/file.woff2	/Users/oliver/Documents/New project/wix-export-20260528-clean/downloads/660baf8686d65afb0cba9974e42d310c9d68a01beded32c672a21b2cc3582911.woff2	45852
https://static.wixstatic.com/ufonts/8b565e_e3c1088bf69b4ac899be3544a5852a4b/ttf/file.ttf	/Users/oliver/Documents/New project/wix-export-20260528-clean/downloads/3fe6d5e93db886a1b8f2840c0ad6fee45c5bb4efe7a4285f956bb57ec436b960.ttf	180200
https://static.wixstatic.com/ufonts/8b565e_e3c1088bf69b4ac899be3544a5852a4b/woff/file.woff	/Users/oliver/Documents/New project/wix-export-20260528-clean/downloads/2822c83632c7baa446f6d97893fc63ec2610132918b760c31e8a3f5cee43eb23.woff	75896
https://static.wixstatic.com/ufonts/8b565e_e3c1088bf69b4ac899be3544a5852a4b/woff2/file.woff2	/Users/oliver/Documents/New project/wix-export-20260528-clean/downloads/34d114ea7c0af9917bbfdd7975d1e0a420f67c7233e5408d08ef32068fb537a2.woff2	44528
